VehicleID,Date,Time,Camera,Speed,Type
1,8/13/2020,2:25:43,Cam1,49.1193,Bus
2,8/14/2020,2:25:43,Cam1,61.841,Bus
3,8/15/2020,7:13:43,Cam1,55.3447,Bus
4,8/16/2020,7:13:43,Cam1,47.6895,Bus
5,8/17/2020,7:56:55,Cam1,45.0296,Motorcycle
6,9/22/2020,7:56:55,Cam1,54.7418,Motorcycle
7,9/23/2020,11:18:31,Cam1,44.4165,Motorcycle
8,9/24/2020,11:18:31,Cam1,60.4514,Motorcycle
9,9/25/2020,17:18:31,Cam1,60.6238,Motorcycle
10,9/26/2020,17:18:31,Cam1,49.0145,Motorcycle
11,10/13/2020,4:06:31,Cam1,46.9551,Truck
12,10/14/2020,4:06:31,Cam1,55.09,Truck
13,10/15/2020,8:54:31,Cam1,52.664,Car
14,10/16/2020,8:54:31,Cam1,49.634,Car
15,10/17/2020,12:30:31,Cam1,51.9525,Car
16,10/18/2020,12:30:31,Cam1,51.9262,Car
17,11/5/2020,18:44:55,Cam1,43.4637,Motorcycle
18,11/6/2020,18:44:55,Cam1,52.7617,Motorcycle
19,11/7/2020,21:37:43,Cam1,44.3746,Bus
20,11/8/2020,21:37:43,Cam1,43.2442,Bus
21,11/9/2020,2:25:43,Cam1,45.4248,Car
22,12/1/2020,2:25:43,Cam1,43.0997,Car
23,12/2/2020,6:01:43,Cam1,51.4839,Motorcycle
24,12/3/2020,6:01:43,Cam1,53.1804,Motorcycle
25,12/4/2020,12:01:43,Cam1,47.3069,Motorcycle
26,12/5/2020,12:01:43,Cam1,57.3297,Motorcycle
27,12/6/2020,18:16:07,Cam1,62.2099,Bus
28,12/7/2020,18:16:07,Cam1,47.8723,Bus
29,12/8/2020,21:52:07,Cam1,49.4436,Bus
30,12/9/2020,21:52:07,Cam1,56.5285,Bus
31,1/1/2021,23:18:52,Cam1,56.3627,Motorcycle
32,1/2/2021,10:52:08,Cam1,55.0557,Motorcycle
33,1/3/2021,11:43:36,Cam1,43.2978,Truck
34,1/4/2021,6:10:51,Cam1,50.3696,Truck
35,1/5/2021,7:07:57,Cam1,57.9021,Car
36,1/6/2021,12:11:13,Cam1,48.9926,Car
37,1/7/2021,2:33:21,Cam1,57.7439,Car
38,1/8/2021,4:28:17,Cam1,45.9515,Car
39,1/9/2021,10:16:11,Cam1,44.1446,Motorcycle
40,1/10/2021,17:54:48,Cam1,56.4094,Motorcycle
41,1/11/2021,10:53:38,Cam1,42.4174,Bus
42,1/12/2021,16:20:22,Cam1,51.311,Bus
43,1/13/2021,19:26:40,Cam1,57.1202,Car
44,1/14/2021,22:27:37,Cam1,51.6846,Car
45,1/15/2021,23:50:14,Cam1,55.9885,Motorcycle
46,1/16/2021,11:12:32,Cam1,44.4087,Motorcycle
47,1/17/2021,8:38:10,Cam1,52.9246,Motorcycle
48,1/18/2021,14:00:34,Cam1,44.2684,Motorcycle
49,1/19/2021,22:39:03,Cam1,56.5107,Bus
50,1/20/2021,15:37:49,Cam1,58.726,Bus
51,1/21/2021,19:49:06,Cam1,49.0353,Bus
52,1/22/2021,13:30:51,Cam1,45.7233,Car
53,1/23/2021,5:48:00,Cam1,51.9923,Motorcycle
54,1/24/2021,12:41:54,Cam1,43.6898,Car
55,1/25/2021,22:57:09,Cam1,52.0905,Car
56,1/26/2021,21:45:42,Cam1,57.1397,Motorcycle
57,1/27/2021,17:21:02,Cam1,48.4487,Bus
58,1/28/2021,22:06:50,Cam1,54.7504,Car
59,1/29/2021,2:09:17,Cam1,48.2,Car
60,1/30/2021,14:28:12,Cam1,44.992,Bus
61,2/1/2021,23:33:59,Cam1,52.4369,Car
62,2/2/2021,2:22:09,Cam1,51.1412,Bus
63,2/3/2021,15:25:37,Cam1,55.7838,Truck
64,2/4/2021,4:58:10,Cam1,43.9977,Motorcycle
65,2/5/2021,17:37:58,Cam1,47.8543,Truck
66,2/6/2021,17:02:52,Cam1,44.4072,Bus
67,2/7/2021,19:48:23,Cam1,47.5983,Car
68,2/8/2021,9:02:19,Cam1,45.2808,Truck
69,2/9/2021,1:41:33,Cam1,60.7383,Car
70,2/10/2021,12:19:43,Cam1,58.8864,Bus
71,2/11/2021,19:40:23,Cam1,60.1029,Car
72,2/12/2021,20:33:35,Cam1,53.5829,Bus
73,2/13/2021,14:39:03,Cam1,49.2508,Car
74,2/14/2021,18:53:59,Cam1,45.4982,Truck
75,2/15/2021,8:53:32,Cam1,55.9891,Motorcycle
76,2/16/2021,15:45:02,Cam1,54.3657,Truck
77,2/17/2021,0:34:55,Cam1,48.0386,Truck
78,2/18/2021,18:56:27,Cam1,56.555,Car
79,2/19/2021,12:01:21,Cam1,43.4416,Bus
80,2/20/2021,2:09:37,Cam1,55.9544,Truck
81,2/21/2021,9:15:41,Cam1,47.0384,Motorcycle
82,2/22/2021,3:50:19,Cam1,46.505,Car
83,2/23/2021,11:41:33,Cam1,58.2517,Truck
84,2/24/2021,5:11:06,Cam1,60.6058,Car
85,2/25/2021,18:14:48,Cam1,60.6312,Motorcycle
86,2/26/2021,13:42:02,Cam1,48.4946,Motorcycle
87,2/27/2021,6:27:18,Cam1,42.6592,Motorcycle
88,2/28/2021,8:56:31,Cam1,53.0515,Car
89,3/1/2021,18:51:48,Cam1,45.8922,Car
90,3/2/2021,22:07:04,Cam1,47.9405,Bus
91,3/3/2021,23:34:38,Cam1,50.2452,Truck
92,3/4/2021,20:00:37,Cam1,42.5453,Car
93,3/5/2021,21:27:32,Cam1,56.5337,Car
94,3/6/2021,23:43:20,Cam1,56.5645,Truck
95,3/7/2021,16:05:30,Cam1,47.5237,Truck
96,3/8/2021,23:06:25,Cam1,59.0686,Truck
97,3/9/2021,23:39:28,Cam1,61.6472,Truck
98,3/10/2021,16:26:38,Cam1,51.0988,Car
99,3/11/2021,12:11:13,Cam1,47.7877,Motorcycle
100,3/12/2021,13:56:53,Cam1,56.7778,Truck
101,3/13/2021,17:42:38,Cam1,44.4948,Motorcycle
102,3/14/2021,0:36:08,Cam1,62.0395,Car
103,3/15/2021,15:32:41,Cam1,57.4085,Truck
104,3/16/2021,6:23:56,Cam1,58.7456,Truck
105,3/17/2021,12:56:29,Cam1,53.1956,Bus
106,3/18/2021,23:24:21,Cam1,44.7675,Truck
107,3/19/2021,19:41:16,Cam1,60.2116,Car
108,3/20/2021,3:31:39,Cam1,48.7173,Truck
109,3/21/2021,13:23:15,Cam1,52.7866,Truck
110,3/22/2021,17:37:11,Cam1,46.3583,Truck
111,3/23/2021,9:47:16,Cam1,46.3988,Car
112,3/24/2021,17:33:34,Cam1,52.6465,Car
113,3/25/2021,22:57:25,Cam1,55.6116,Motorcycle
114,3/26/2021,13:29:37,Cam1,61.5091,Bus
115,3/27/2021,2:00:28,Cam1,51.9606,Truck
116,3/28/2021,23:35:17,Cam1,53.5873,Motorcycle
117,3/29/2021,5:48:37,Cam1,52.0647,Bus
118,3/30/2021,7:57:51,Cam1,58.8153,Truck
119,4/1/2021,18:56:58,Cam1,55.4161,Car
120,4/2/2021,12:25:49,Cam1,60.7261,Truck
121,4/3/2021,19:25:51,Cam1,56.4215,Truck
122,4/4/2021,15:53:56,Cam1,55.9047,Motorcycle
123,4/5/2021,13:16:40,Cam1,50.3276,Motorcycle
124,4/6/2021,2:43:43,Cam1,51.0332,Motorcycle
125,4/7/2021,23:37:10,Cam1,55.5635,Motorcycle
126,4/8/2021,5:19:49,Cam1,45.9283,Bus
127,4/9/2021,10:36:58,Cam1,48.7191,Bus
128,4/10/2021,18:11:41,Cam1,58.4033,Motorcycle
129,4/11/2021,9:24:17,Cam1,51.0486,Motorcycle
130,4/12/2021,19:28:06,Cam1,46.3556,Truck
131,4/13/2021,1:41:25,Cam1,49.3603,Car
132,4/14/2021,21:05:26,Cam1,47.9486,Motorcycle
133,4/15/2021,20:15:23,Cam1,45.0783,Bus
134,4/16/2021,12:18:34,Cam1,50.3343,Truck
135,4/17/2021,15:09:17,Cam1,53.9106,Bus
136,4/18/2021,18:30:54,Cam1,49.239,Truck
137,4/19/2021,9:52:04,Cam1,45.2053,Car
138,4/20/2021,15:39:44,Cam1,51.2502,Car
139,4/21/2021,23:59:04,Cam1,47.2613,Truck
140,4/22/2021,1:48:47,Cam1,42.3296,Bus
141,4/23/2021,7:55:08,Cam1,47.3635,Car
142,4/24/2021,10:42:35,Cam1,51.5794,Truck
143,4/25/2021,10:51:42,Cam1,54.1132,Motorcycle
144,4/26/2021,14:57:18,Cam1,53.3898,Motorcycle
145,4/27/2021,10:56:35,Cam1,50.5547,Motorcycle
146,4/28/2021,0:31:20,Cam1,53.853,Motorcycle
147,4/29/2021,7:29:29,Cam1,46.193,Truck
148,4/30/2021,17:10:32,Cam1,59.951,Truck
149,5/1/2021,14:17:49,Cam1,42.7422,Motorcycle
150,5/2/2021,12:33:14,Cam1,46.2053,Car
151,5/3/2021,10:02:22,Cam1,43.9545,Truck
152,5/4/2021,2:22:58,Cam1,54.2494,Truck
153,5/5/2021,11:53:40,Cam1,49.8143,Truck
154,5/6/2021,4:58:09,Cam1,47.5377,Car
155,5/7/2021,1:46:49,Cam1,43.1327,Bus
156,5/8/2021,8:29:04,Cam1,47.5155,Bus
157,5/9/2021,12:11:46,Cam1,60.4981,Car
158,5/10/2021,4:03:01,Cam1,46.5518,Bus
159,5/11/2021,10:43:30,Cam1,61.2156,Motorcycle
160,5/12/2021,4:33:13,Cam1,61.8462,Truck
161,5/13/2021,7:23:24,Cam1,49.7188,Car
162,5/14/2021,12:33:35,Cam1,53.877,Bus
163,5/15/2021,18:30:03,Cam1,45.5719,Car
164,5/16/2021,16:07:47,Cam1,50.8971,Truck
165,5/17/2021,5:05:30,Cam1,57.1797,Truck
166,5/18/2021,0:51:41,Cam1,60.5989,Bus
167,5/19/2021,3:17:13,Cam1,53.2294,Bus
168,5/20/2021,21:05:44,Cam1,45.0827,Car
169,5/21/2021,0:16:04,Cam1,52.1703,Bus
170,5/22/2021,2:18:06,Cam1,45.8618,Bus
171,5/23/2021,1:18:17,Cam1,57.6007,Car
172,5/24/2021,13:13:21,Cam1,57.9041,Motorcycle
173,5/25/2021,19:09:24,Cam1,54.4017,Truck
174,5/27/2021,14:29:49,Cam1,46.111,Car
175,5/28/2021,0:28:12,Cam1,56.0877,Motorcycle
176,5/29/2021,18:30:05,Cam1,43.988,Bus
177,5/30/2021,7:55:44,Cam1,46.9741,Motorcycle
178,5/31/2021,6:03:19,Cam1,56.4355,Car
179,6/1/2021,18:48:01,Cam1,43.6713,Car
180,6/2/2021,2:07:43,Cam1,56.4003,Car
181,6/3/2021,21:27:20,Cam1,56.6681,Bus
182,6/4/2021,16:12:11,Cam1,59.014,Motorcycle
183,6/5/2021,5:26:33,Cam1,53.5359,Bus
184,6/6/2021,8:55:57,Cam1,52.1323,Car
185,6/7/2021,22:19:50,Cam1,56.981,Car
186,6/8/2021,17:28:24,Cam1,52.7894,Car
187,6/9/2021,21:59:02,Cam1,51.4107,Car
188,6/10/2021,8:37:06,Cam1,55.1082,Motorcycle
189,6/11/2021,0:51:30,Cam1,51.8577,Motorcycle
190,6/12/2021,5:49:15,Cam1,49.2603,Motorcycle
191,6/13/2021,18:17:48,Cam1,58.4957,Motorcycle
192,6/14/2021,22:26:11,Cam1,56.218,Motorcycle
193,6/15/2021,17:26:11,Cam1,50.7939,Car
194,6/16/2021,16:39:32,Cam1,56.613,Bus
195,6/17/2021,20:38:59,Cam1,45.581,Motorcycle
196,6/18/2021,19:52:45,Cam1,56.194,Car
197,6/19/2021,8:31:24,Cam1,60.9944,Truck
198,6/20/2021,18:44:28,Cam1,44.1141,Motorcycle
199,6/21/2021,1:47:42,Cam1,49.1481,Motorcycle
200,6/22/2021,3:10:20,Cam1,57.2665,Truck
201,6/23/2021,13:06:40,Cam1,47.7436,Motorcycle
202,6/24/2021,14:07:04,Cam1,57.4548,Motorcycle
203,6/25/2021,20:19:56,Cam1,54.6585,Truck
204,6/26/2021,23:15:28,Cam1,43.3544,Car
205,6/27/2021,15:40:48,Cam1,58.4193,Motorcycle
206,6/28/2021,3:49:57,Cam1,50.7484,Motorcycle
207,6/29/2021,10:27:03,Cam1,56.7774,Truck
208,6/30/2021,9:59:36,Cam1,54.0982,Car
209,7/1/2021,3:33:24,Cam1,57.1533,Motorcycle
210,7/2/2021,8:21:24,Cam1,46.1771,Motorcycle
211,7/3/2021,13:09:24,Cam1,58.9552,Motorcycle
212,7/4/2021,17:57:24,Cam1,45.3758,Car
213,7/5/2021,22:45:24,Cam1,60.3823,Truck
214,7/6/2021,3:33:24,Cam1,49.8401,Truck
215,7/7/2021,8:21:24,Cam1,42.9033,Car
216,7/8/2021,13:09:24,Cam1,43.9597,Car
217,7/9/2021,11:50:12,Cam1,56.7024,Truck
218,7/9/2021,17:50:12,Cam1,46.3336,Car
219,7/9/2021,17:50:12,Cam1,54.3993,Truck
220,8/4/2021,1:02:12,Cam1,47.9464,Bus
221,8/4/2021,1:02:12,Cam1,58.4248,Motorcycle
222,8/4/2021,7:02:12,Cam1,49.9793,Motorcycle
223,8/4/2021,7:02:12,Cam1,53.9442,Truck
224,8/4/2021,10:38:12,Cam1,59.4903,Motorcycle
225,8/4/2021,10:38:12,Cam1,54.0714,Motorcycle
226,8/4/2021,16:45:24,Cam1,49.131,Bus
227,8/4/2021,16:45:24,Cam1,61.2519,Car
228,8/4/2021,22:45:24,Cam1,44.4998,Motorcycle
229,8/4/2021,22:45:24,Cam1,55.4971,Bus
230,8/25/2021,3:33:24,Cam1,44.111,Bus
231,8/25/2021,3:33:24,Cam1,59.3726,Truck
232,8/25/2021,6:26:12,Cam1,59.0644,Truck
233,8/25/2021,6:26:12,Cam1,48.2511,Car
234,8/25/2021,12:26:12,Cam1,44.0829,Motorcycle
235,8/25/2021,12:26:12,Cam1,61.2868,Bus
236,8/25/2021,13:52:36,Cam1,50.2443,Bus
237,8/25/2021,13:52:36,Cam1,49.7967,Bus
238,8/25/2021,15:04:36,Cam1,49.2933,Bus
239,8/25/2021,15:04:36,Cam1,56.6004,Car
240,9/25/2021,3:04:36,Cam1,45.1341,Bus
241,9/25/2021,3:04:36,Cam1,42.6841,Truck
242,9/25/2021,4:16:36,Cam1,47.1061,Car
243,9/25/2021,4:16:36,Cam1,42.8505,Car
244,9/25/2021,7:17:28,Cam1,54.9566,Bus
245,9/25/2021,7:17:28,Cam1,51.5374,Truck
246,9/25/2021,13:31:52,Cam1,56.5596,Car
247,9/25/2021,13:31:52,Cam1,43.8215,Bus
248,9/25/2021,19:03:04,Cam1,52.4804,Car
249,9/25/2021,19:03:04,Cam1,49.2405,Motorcycle
250,9/27/2021,2:15:04,Cam1,61.7635,Car
251,9/27/2021,2:15:04,Cam1,42.4562,Car
252,9/27/2021,8:15:04,Cam1,51.4216,Bus
253,9/27/2021,8:15:04,Cam1,44.1843,Bus
254,9/27/2021,11:51:04,Cam1,48.115,Motorcycle
255,9/27/2021,11:51:04,Cam1,43.4339,Truck
256,9/27/2021,11:59:42,Cam1,58.2524,Car
257,9/27/2021,11:59:42,Cam1,44.8916,Car
258,9/27/2021,17:59:42,Cam1,58.5311,Car
259,9/27/2021,17:59:42,Cam1,55.5203,Car
260,9/28/2021,3:35:42,Cam1,49.8315,Truck
261,9/28/2021,3:35:42,Cam1,57.3982,Truck
262,9/28/2021,4:47:42,Cam1,43.5419,Car
263,9/28/2021,4:47:42,Cam1,54.8202,Car
264,9/28/2021,6:14:06,Cam1,48.2844,Truck
265,9/28/2021,6:14:06,Cam1,53.9518,Truck
266,9/28/2021,11:02:06,Cam1,42.7808,Bus
267,9/28/2021,11:02:06,Cam1,56.7845,Bus
268,9/28/2021,20:38:06,Cam1,57.5307,Motorcycle
269,9/28/2021,20:38:06,Cam1,46.9996,Motorcycle
270,10/2/2021,1:26:06,Cam1,51.7204,Bus
271,10/2/2021,1:26:06,Cam1,56.8475,Bus
272,10/2/2021,5:02:06,Cam1,56.2778,Truck
273,10/2/2021,5:02:06,Cam1,52.74,Truck
274,10/2/2021,8:04:16,Cam1,53.0079,Motorcycle
275,10/2/2021,8:04:16,Cam1,48.0881,Motorcycle
276,10/2/2021,14:13:29,Cam1,50.6069,Truck
277,10/2/2021,14:13:29,Cam1,57.2848,Truck
278,10/2/2021,15:52:50,Cam1,43.3732,Motorcycle
279,10/2/2021,15:52:50,Cam1,59.9299,Motorcycle
280,10/3/2021,1:28:50,Cam1,57.0787,Bus
281,10/3/2021,1:28:50,Cam1,43.1339,Bus
282,10/3/2021,2:40:50,Cam1,54.4586,Bus
283,10/3/2021,2:40:50,Cam1,53.7927,Bus
284,10/3/2021,2:49:29,Cam1,61.07,Car
285,10/3/2021,2:49:29,Cam1,54.9184,Car
286,10/3/2021,17:13:29,Cam1,52.1252,Truck
287,10/3/2021,17:13:29,Cam1,60.3462,Truck
288,10/3/2021,18:25:29,Cam1,52.1579,Bus
289,10/3/2021,18:25:29,Cam1,51.2287,Bus
290,11/3/2021,1:37:29,Cam1,48.4077,Car
291,11/3/2021,1:37:29,Cam1,61.9832,Car
292,11/3/2021,4:39:38,Cam1,49.6152,Car
293,11/3/2021,4:39:38,Cam1,58.9376,Car
294,11/3/2021,8:55:57,Cam1,52.798,Car
295,11/3/2021,8:55:57,Cam1,49.9423,Car
296,11/3/2021,10:13:43,Cam1,46.1956,Truck
297,11/3/2021,10:13:43,Cam1,57.6014,Truck
298,11/3/2021,16:28:07,Cam1,46.9708,Truck
299,11/3/2021,16:28:07,Cam1,50.2923,Truck
300,12/7/2021,6:52:07,Cam1,51.278,Bus
301,12/7/2021,6:52:07,Cam1,42.8496,Bus
302,12/7/2021,9:44:55,Cam1,43.2138,Car
303,12/7/2021,9:44:55,Cam1,47.9017,Car
304,12/7/2021,12:46:21,Cam1,60.5387,Car
305,12/7/2021,12:46:21,Cam1,50.575,Car
306,12/7/2021,18:52:07,Cam1,49.5521,Bus
307,12/7/2021,18:52:07,Cam1,61.2548,Bus
308,12/7/2021,22:49:43,Cam1,52.1478,Bus
309,12/7/2021,22:49:43,Cam1,43.4393,Bus
310,4/21/2022,16:11:37,Cam1,43.94360022,Truck
311,4/21/2022,16:11:37,Cam1,43.94360022,Truck
312,4/21/2022,16:13:53,Cam1,43.94360022,Truck
313,4/21/2022,16:13:53,Cam1,43.94360022,Truck
314,4/21/2022,16:23:43,Cam1,43.94360022,Truck
315,4/21/2022,16:23:43,Cam1,43.94360022,Truck
316,4/21/2022,16:23:48,Cam1,50.4566,Car
317,4/21/2022,16:23:48,Cam1,50.4566,Car
318,4/21/2022,17:23:48,Cam1,42.2568,Motorcycle
319,4/21/2022,17:23:48,Cam1,42.2568,Motorcycle
320,4/21/2022,17:24:28,Cam1,54.836,Motorcycle
321,4/21/2022,17:24:28,Cam1,58.4762,Motorcycle
322,4/21/2022,17:25:18,Cam1,58.285,Motorcycle
323,4/21/2022,17:25:18,Cam1,56.0587,Motorcycle
324,4/21/2022,17:28:10,Cam1,45.8828,Car
325,4/21/2022,17:28:10,Cam1,43.3843,Car
326,4/21/2022,17:31:03,Cam1,46.1952,Truck
327,4/21/2022,17:31:03,Cam1,58.6781,Truck
328,4/21/2022,18:43:03,Cam1,52.4002,Car
329,4/21/2022,18:43:03,Cam1,50.0272,Car
330,4/22/2022,6:43:03,Cam1,51.8715,Bus
331,4/22/2022,6:43:03,Cam1,47.6865,Bus
332,4/22/2022,7:11:51,Cam1,50.3998,Truck
333,4/22/2022,7:11:51,Cam1,50.5058,Truck
334,4/22/2022,7:16:10,Cam1,52.4779,Bus
335,4/22/2022,7:16:10,Cam1,53.0294,Bus
336,4/22/2022,7:23:22,Cam1,45.0493,Motorcycle
337,4/22/2022,7:23:22,Cam1,59.3647,Motorcycle
338,4/22/2022,7:36:20,Cam1,51.203,Motorcycle
339,4/22/2022,7:36:20,Cam1,52.4945,Motorcycle
340,4/22/2022,8:05:08,Cam1,47.6596,Motorcycle
341,4/22/2022,8:05:08,Cam1,52.8594,Motorcycle
342,4/22/2022,8:09:27,Cam1,61.8512,Bus
343,4/22/2022,8:09:27,Cam1,51.6369,Bus
344,4/22/2022,9:07:03,Cam1,61.2498,Truck
345,4/22/2022,9:07:03,Cam1,46.1924,Truck
346,4/22/2022,13:55:03,Cam1,61.1811,Truck
347,4/22/2022,13:55:03,Cam1,56.7604,Truck
348,4/22/2022,21:07:03,Cam1,49.8661,Motorcycle
349,4/22/2022,21:07:03,Cam1,56.0648,Motorcycle
350,4/22/2022,21:15:42,Cam1,58.2389,Truck
351,4/22/2022,21:15:42,Cam1,54.9724,Truck
352,4/22/2022,21:18:34,Cam1,62.2055,Bus
353,4/22/2022,21:18:34,Cam1,53.7655,Bus
354,4/22/2022,21:21:27,Cam1,61.3571,Motorcycle
355,4/22/2022,21:21:27,Cam1,52.0861,Motorcycle
356,4/22/2022,21:22:02,Cam1,55.7992,Car
357,4/22/2022,21:22:02,Cam1,51.3379,Car
358,4/22/2022,21:26:21,Cam1,44.3193,Motorcycle
359,4/22/2022,21:26:21,Cam1,55.6744,Motorcycle
360,4/23/2022,4:38:21,Cam1,47.6242,Bus
361,4/23/2022,4:38:21,Cam1,50.1317,Bus
362,4/23/2022,4:42:40,Cam1,59.685,Truck
363,4/23/2022,4:42:40,Cam1,58.8696,Truck
364,4/23/2022,5:11:28,Cam1,51.7207,Truck
365,4/23/2022,5:11:28,Cam1,54.2397,Truck
366,4/23/2022,6:09:04,Cam1,56.4625,Bus
367,4/23/2022,6:09:04,Cam1,50.1897,Bus
368,4/23/2022,7:21:04,Cam1,53.2676,Motorcycle
369,4/23/2022,7:21:04,Cam1,50.9124,Motorcycle
370,4/23/2022,7:38:21,Cam1,49.0678,Bus
371,4/23/2022,7:38:21,Cam1,50.2793,Bus
372,4/23/2022,7:40:05,Cam1,45.2258,Bus
373,4/23/2022,7:40:05,Cam1,59.7176,Bus
374,4/23/2022,8:52:05,Cam1,61.8523,Truck
375,4/23/2022,8:52:05,Cam1,45.5851,Truck
376,4/23/2022,10:18:29,Cam1,61.7139,Motorcycle
377,4/23/2022,10:18:29,Cam1,48.7504,Motorcycle
378,4/23/2022,10:47:17,Cam1,46.1854,Car
379,4/23/2022,10:47:17,Cam1,59.5814,Car
380,4/23/2022,10:51:36,Cam1,50.0665,Truck
381,4/23/2022,10:51:36,Cam1,47.948,Truck
382,4/23/2022,10:57:21,Cam1,59.9917,Bus
383,4/23/2022,10:57:21,Cam1,57.8631,Bus
384,4/23/2022,11:04:33,Cam1,44.1519,Car
385,4/23/2022,11:04:33,Cam1,43.0218,Car
386,4/23/2022,11:14:38,Cam1,52.2763,Truck
387,4/23/2022,11:14:38,Cam1,52.3358,Truck
388,4/23/2022,11:26:09,Cam1,54.4707,Truck
389,4/23/2022,11:26:09,Cam1,50.0161,Truck
390,4/23/2022,11:26:18,Cam1,42.6944,Motorcycle
391,4/23/2022,11:26:18,Cam1,43.3949,Motorcycle
392,4/23/2022,12:09:30,Cam1,59.2387,Car
393,4/23/2022,12:09:30,Cam1,53.153,Car
394,4/23/2022,13:21:30,Cam1,56.4473,Truck
395,4/23/2022,13:21:30,Cam1,52.7101,Truck
396,4/23/2022,13:28:42,Cam1,60.5942,Bus
397,4/23/2022,13:28:42,Cam1,58.962,Bus
398,4/23/2022,13:34:28,Cam1,48.5116,Truck
399,4/23/2022,13:34:28,Cam1,60.9625,Truck
400,4/23/2022,14:32:04,Cam1,47.5116,Motorcycle
401,4/23/2022,14:32:04,Cam1,44.4813,Motorcycle
402,4/23/2022,19:20:04,Cam1,47.1888,Bus
403,4/23/2022,19:20:04,Cam1,50.2016,Bus
404,4/23/2022,20:03:16,Cam1,50.9156,Car
405,4/23/2022,20:03:16,Cam1,51.9154,Car
406,4/23/2022,21:29:40,Cam1,54.1077,Car
407,4/23/2022,21:29:40,Cam1,55.6191,Car
408,4/23/2022,23:39:16,Cam1,56.7949,Truck
409,4/23/2022,23:39:16,Cam1,58.6839,Truck
410,4/24/2022,2:03:16,Cam1,49.5285,Motorcycle
411,4/24/2022,2:03:16,Cam1,44.7357,Motorcycle
412,4/24/2022,3:15:16,Cam1,44.0038,Truck
413,4/24/2022,3:15:16,Cam1,42.3508,Truck
414,4/24/2022,3:58:28,Cam1,43.3659,Motorcycle
415,4/24/2022,3:58:28,Cam1,52.2459,Motorcycle
416,4/24/2022,4:41:40,Cam1,62.1218,Motorcycle
417,4/24/2022,4:41:40,Cam1,44.8867,Motorcycle
418,4/24/2022,5:24:52,Cam1,52.5051,Truck
419,4/24/2022,5:24:52,Cam1,56.8121,Truck
420,4/24/2022,6:08:04,Cam1,61.9088,Truck
421,4/24/2022,6:08:04,Cam1,54.8855,Truck
422,4/24/2022,6:51:16,Cam1,44.1823,Bus
423,4/24/2022,6:51:16,Cam1,50.0417,Bus
424,4/24/2022,7:48:52,Cam1,56.9171,Car
425,4/24/2022,7:48:52,Cam1,61.8091,Car
426,4/24/2022,9:00:52,Cam1,52.0531,Bus
427,4/24/2022,9:00:52,Cam1,61.4709,Bus
428,4/24/2022,9:58:28,Cam1,49.8262,Motorcycle
429,4/24/2022,9:58:28,Cam1,53.3659,Motorcycle
430,4/24/2022,12:22:28,Cam1,59.4922,Bus
431,4/24/2022,12:22:28,Cam1,57.7287,Bus
432,4/24/2022,12:51:16,Cam1,60.323,Bus
433,4/24/2022,12:51:16,Cam1,54.0333,Bus
434,4/24/2022,14:03:16,Cam1,52.3809,Truck
435,4/24/2022,14:03:16,Cam1,47.2791,Truck
436,4/24/2022,14:46:28,Cam1,51.2888,Truck
437,4/24/2022,14:46:28,Cam1,51.5966,Truck
438,4/24/2022,15:58:28,Cam1,42.9377,Truck
439,4/24/2022,15:58:28,Cam1,59.274,Truck
440,4/25/2022,3:58:28,Cam1,54.5749,Motorcycle
441,4/25/2022,3:58:28,Cam1,57.674,Motorcycle
442,4/25/2022,4:41:40,Cam1,50.2625,Bus
443,4/25/2022,4:41:40,Cam1,52.5572,Bus
444,4/25/2022,5:17:40,Cam1,42.2908,Car
445,4/25/2022,5:17:40,Cam1,58.0326,Car
446,4/25/2022,5:23:25,Cam1,43.8119,Bus
447,4/25/2022,5:23:25,Cam1,54.0222,Bus
448,4/25/2022,5:30:37,Cam1,46.4855,Car
449,4/25/2022,5:30:37,Cam1,51.5577,Car
450,4/25/2022,5:40:42,Cam1,61.4713,Motorcycle
451,4/25/2022,5:40:42,Cam1,53.96,Motorcycle
452,4/25/2022,5:49:20,Cam1,49.2223,Bus
453,4/25/2022,5:49:20,Cam1,49.5397,Bus
454,4/25/2022,5:52:13,Cam1,47.1691,Bus
455,4/25/2022,5:52:13,Cam1,43.0229,Bus
456,4/25/2022,5:56:32,Cam1,53.5588,Truck
457,4/25/2022,5:56:32,Cam1,48.6414,Truck
458,4/25/2022,6:03:44,Cam1,61.2701,Bus
459,4/25/2022,6:03:44,Cam1,60.1782,Bus
460,4/25/2022,6:13:49,Cam1,54.0833,Bus
461,4/25/2022,6:13:49,Cam1,58.4078,Bus
462,4/25/2022,6:25:11,Cam1,48.9545,Car
463,4/25/2022,6:25:11,Cam1,46.982,Car
464,4/25/2022,6:53:59,Cam1,62.1558,Car
465,4/25/2022,6:53:59,Cam1,45.6948,Car
466,4/25/2022,9:17:59,Cam1,57.5406,Bus
467,4/25/2022,9:17:59,Cam1,54.6478,Bus
468,4/25/2022,12:25:11,Cam1,51.7519,Motorcycle
469,4/25/2022,12:25:11,Cam1,43.5678,Motorcycle
470,4/25/2022,12:46:47,Cam1,51.5168,Motorcycle
471,4/25/2022,12:46:47,Cam1,47.085,Motorcycle
472,4/25/2022,13:14:08,Cam1,55.3389,Car
473,4/25/2022,13:14:08,Cam1,52.4243,Car
474,4/25/2022,14:34:47,Cam1,48.9268,Motorcycle
475,4/25/2022,14:34:47,Cam1,55.288,Motorcycle
476,4/25/2022,14:41:59,Cam1,55.1278,Truck
477,4/25/2022,14:41:59,Cam1,50.5127,Truck
478,4/25/2022,16:02:37,Cam1,52.9073,Motorcycle
479,4/25/2022,16:02:37,Cam1,47.5073,Motorcycle
480,4/26/2022,1:38:37,Cam1,60.9743,Car
481,4/26/2022,1:38:37,Cam1,45.3947,Car
482,4/26/2022,2:21:49,Cam1,47.6273,Bus
483,4/26/2022,2:21:49,Cam1,50.7173,Bus
484,4/26/2022,3:33:49,Cam1,52.6157,Motorcycle
485,4/26/2022,3:33:49,Cam1,48.1897,Motorcycle
486,4/26/2022,4:45:49,Cam1,57.9869,Motorcycle
487,4/26/2022,4:45:49,Cam1,48.4966,Motorcycle
488,4/26/2022,6:26:37,Cam1,60.4332,Bus
489,4/26/2022,6:26:37,Cam1,49.9079,Bus
490,4/26/2022,6:35:16,Cam1,43.2491,Bus
491,4/26/2022,6:35:16,Cam1,50.5026,Bus
492,4/26/2022,6:45:20,Cam1,61.7766,Truck
493,4/26/2022,6:45:20,Cam1,55.5918,Truck
494,4/26/2022,7:28:32,Cam1,47.1587,Bus
495,4/26/2022,7:28:32,Cam1,47.2256,Bus
496,4/26/2022,8:40:32,Cam1,55.0324,Truck
497,4/26/2022,8:40:32,Cam1,60.6174,Truck
498,4/26/2022,9:38:08,Cam1,54.8503,Car
499,4/26/2022,9:38:08,Cam1,54.4989,Car
500,4/26/2022,9:44:37,Cam1,56.8335,Bus
501,4/26/2022,9:44:37,Cam1,59.0575,Bus
502,4/26/2022,11:18:13,Cam1,49.5061,Bus
503,4/26/2022,11:18:13,Cam1,46.7329,Bus
504,4/26/2022,12:23:01,Cam1,45.8071,Car
505,4/26/2022,12:23:01,Cam1,54.0681,Car
506,4/26/2022,12:25:54,Cam1,50.5821,Bus
507,4/26/2022,12:25:54,Cam1,52.0223,Bus
508,4/26/2022,12:33:06,Cam1,43.9487,Bus
509,4/26/2022,12:33:06,Cam1,59.4935,Bus
510,4/26/2022,13:01:54,Cam1,42.3065,Bus
511,4/26/2022,13:01:54,Cam1,60.3146,Bus
512,4/26/2022,13:02:46,Cam1,47.6298,Car
513,4/26/2022,13:02:46,Cam1,45.8552,Car
514,4/26/2022,13:10:32,Cam1,48.3622,Motorcycle
515,4/26/2022,13:10:32,Cam1,48.5785,Motorcycle
516,4/26/2022,13:11:07,Cam1,43.7228,Car
517,4/26/2022,13:11:07,Cam1,58.6105,Car
518,4/26/2022,14:28:53,Cam1,43.4779,Bus
519,4/26/2022,14:28:53,Cam1,49.151,Bus
520,4/26/2022,14:37:31,Cam1,46.4633,Bus
521,4/26/2022,14:37:31,Cam1,42.2912,Bus
522,4/26/2022,17:01:31,Cam1,47.7397,Truck
523,4/26/2022,17:01:31,Cam1,51.0534,Truck
524,4/26/2022,17:30:19,Cam1,60.3132,Bus
525,4/26/2022,17:30:19,Cam1,58.5304,Bus
526,4/26/2022,17:59:07,Cam1,55.3353,Motorcycle
527,4/26/2022,17:59:07,Cam1,52.6602,Motorcycle
528,4/26/2022,18:56:43,Cam1,61.7372,Bus
529,4/26/2022,18:56:43,Cam1,54.1823,Bus
530,4/26/2022,19:03:55,Cam1,52.1928,Car
531,4/26/2022,19:03:55,Cam1,43.7539,Car
532,4/26/2022,19:14:00,Cam1,43.9874,Bus
533,4/26/2022,19:14:00,Cam1,48.1092,Bus
534,4/26/2022,19:16:53,Cam1,54.4221,Motorcycle
535,4/26/2022,19:16:53,Cam1,47.441,Motorcycle
536,4/26/2022,19:24:05,Cam1,51.2109,Car
537,4/26/2022,19:24:05,Cam1,42.8989,Car
538,4/26/2022,20:07:17,Cam1,57.989,Bus
539,4/26/2022,20:07:17,Cam1,44.9165,Bus
540,4/26/2022,20:14:29,Cam1,48.3551,Bus
541,4/26/2022,20:14:29,Cam1,60.2017,Bus
542,4/26/2022,20:18:48,Cam1,53.6108,Truck
543,4/26/2022,20:18:48,Cam1,47.9959,Truck
544,4/26/2022,21:30:48,Cam1,45.7161,Bus
545,4/26/2022,21:30:48,Cam1,60.211,Bus
546,4/26/2022,21:59:36,Cam1,49.192,Bus
547,4/26/2022,21:59:36,Cam1,45.957,Bus
548,4/26/2022,22:42:48,Cam1,50.208,Car
549,4/26/2022,22:42:48,Cam1,42.9275,Car
550,4/27/2022,3:30:48,Cam1,57.9886,Motorcycle
551,4/27/2022,3:30:48,Cam1,56.8531,Motorcycle
552,4/27/2022,4:14:00,Cam1,61.9991,Bus
553,4/27/2022,4:14:00,Cam1,60.3997,Bus
554,4/27/2022,5:26:00,Cam1,51.8008,Motorcycle
555,4/27/2022,5:26:00,Cam1,45.2638,Motorcycle
556,4/27/2022,5:29:10,Cam1,51.3902,Motorcycle
557,4/27/2022,5:29:10,Cam1,49.0853,Motorcycle
558,4/27/2022,5:33:58,Cam1,58.3154,Motorcycle
559,4/27/2022,5:33:58,Cam1,47.4662,Motorcycle
560,4/27/2022,6:09:14,Cam1,52.8734,Car
561,4/27/2022,6:09:14,Cam1,52.3457,Car
562,4/27/2022,6:19:18,Cam1,52.7843,Bus
563,4/27/2022,6:19:18,Cam1,42.8303,Bus
564,4/27/2022,7:31:18,Cam1,49.2725,Truck
565,4/27/2022,7:31:18,Cam1,52.5138,Truck
566,4/27/2022,7:35:37,Cam1,50.9747,Motorcycle
567,4/27/2022,7:35:37,Cam1,61.391,Motorcycle
568,4/27/2022,7:42:49,Cam1,44.105,Car
569,4/27/2022,7:42:49,Cam1,48.103,Car
570,4/27/2022,7:52:54,Cam1,45.28,Truck
571,4/27/2022,7:52:54,Cam1,56.0937,Truck
572,4/27/2022,8:01:32,Cam1,44.0513,Car
573,4/27/2022,8:01:32,Cam1,45.687,Car
574,4/27/2022,8:09:18,Cam1,42.8679,Bus
575,4/27/2022,8:09:18,Cam1,47.1291,Bus
576,4/27/2022,8:17:30,Cam1,57.2236,Motorcycle
577,4/27/2022,8:17:30,Cam1,42.5101,Motorcycle
578,4/27/2022,8:54:29,Cam1,46.3718,Bus
579,4/27/2022,8:54:29,Cam1,52.3309,Bus
580,4/27/2022,8:57:56,Cam1,49.6776,Truck
581,4/27/2022,8:57:56,Cam1,48.8044,Truck
582,4/27/2022,9:36:35,Cam1,46.0208,Motorcycle
583,4/27/2022,9:36:35,Cam1,54.2375,Motorcycle
584,4/27/2022,9:50:59,Cam1,47.344,Bus
585,4/27/2022,9:50:59,Cam1,43.2035,Bus
586,4/27/2022,10:08:48,Cam1,59.8701,Motorcycle
587,4/27/2022,10:08:48,Cam1,57.7134,Motorcycle
588,4/27/2022,11:20:48,Cam1,52.5819,Car
589,4/27/2022,11:20:48,Cam1,53.357,Car
590,4/27/2022,16:08:48,Cam1,59.9303,Car
591,4/27/2022,16:08:48,Cam1,59.5802,Car
592,4/27/2022,22:08:48,Cam1,61.3468,Car
593,4/27/2022,22:08:48,Cam1,59.2373,Car
594,4/27/2022,22:16:00,Cam1,61.7008,Car
595,4/27/2022,22:16:00,Cam1,51.408,Car
596,4/27/2022,22:20:19,Cam1,54.7283,Bus
597,4/27/2022,22:20:19,Cam1,45.906,Bus
598,4/27/2022,22:54:52,Cam1,47.765,Bus
599,4/27/2022,22:54:52,Cam1,43.2354,Bus
600,4/28/2022,1:18:52,Cam1,50.3194,Bus
601,4/28/2022,1:18:52,Cam1,61.4156,Bus
602,4/28/2022,2:30:52,Cam1,50.9027,Truck
603,4/28/2022,2:30:52,Cam1,55.8504,Truck
604,4/28/2022,2:34:28,Cam1,60.56,Motorcycle
605,4/28/2022,2:34:28,Cam1,58.8831,Motorcycle
606,4/28/2022,2:40:57,Cam1,55.7462,Car
607,4/28/2022,2:40:57,Cam1,55.1693,Car
608,4/28/2022,2:50:26,Cam1,47.1745,Motorcycle
609,4/28/2022,2:50:26,Cam1,46.3012,Motorcycle
610,4/28/2022,2:59:04,Cam1,60.6805,Truck
611,4/28/2022,2:59:04,Cam1,61.3596,Truck
612,4/28/2022,3:06:51,Cam1,43.413,Bus
613,4/28/2022,3:06:51,Cam1,61.8244,Bus
614,4/28/2022,3:14:55,Cam1,56.7665,Motorcycle
615,4/28/2022,3:14:55,Cam1,46.2701,Motorcycle
616,4/28/2022,3:22:41,Cam1,45.393,Motorcycle
617,4/28/2022,3:22:41,Cam1,47.1124,Motorcycle
618,4/28/2022,3:35:30,Cam1,49.1542,Car
619,4/28/2022,3:35:30,Cam1,43.4333,Car
620,4/28/2022,3:37:35,Cam1,59.9939,Car
621,4/28/2022,3:37:35,Cam1,51.9823,Car
622,4/28/2022,3:45:39,Cam1,49.5177,Truck
623,4/28/2022,3:45:39,Cam1,53.3942,Truck
624,4/28/2022,3:52:11,Cam1,57.4609,Truck
625,4/28/2022,3:52:11,Cam1,50.9624,Truck
626,4/28/2022,4:29:20,Cam1,42.9387,Truck
627,4/28/2022,4:29:20,Cam1,61.8451,Truck
628,4/28/2022,5:06:12,Cam1,44.436,Car
629,4/28/2022,5:06:12,Cam1,43.1939,Car
630,4/28/2022,5:14:22,Cam1,54.2147,Truck
631,4/28/2022,5:14:22,Cam1,43.2477,Truck
632,4/28/2022,5:18:14,Cam1,48.8311,Car
633,4/28/2022,5:18:14,Cam1,44.6752,Car
634,4/28/2022,5:25:16,Cam1,48.0391,Bus
635,4/28/2022,5:25:16,Cam1,61.2016,Bus
636,4/28/2022,5:31:50,Cam1,50.1473,Bus
637,4/28/2022,5:31:50,Cam1,60.1875,Bus
638,4/28/2022,5:41:19,Cam1,48.7738,Car
639,4/28/2022,5:41:19,Cam1,43.0818,Car
640,4/28/2022,5:55:32,Cam1,48.4541,Car
641,4/28/2022,5:55:32,Cam1,48.996,Car
642,4/28/2022,6:04:57,Cam1,46.1563,Bus
643,4/28/2022,6:04:57,Cam1,44.0175,Bus
644,4/28/2022,6:08:36,Cam1,46.3464,Bus
645,4/28/2022,6:08:36,Cam1,52.281,Bus
646,4/28/2022,6:18:01,Cam1,48.0525,Bus
647,4/28/2022,6:18:01,Cam1,59.0062,Bus
648,4/28/2022,8:27:37,Cam1,51.8698,Motorcycle
649,4/28/2022,8:27:37,Cam1,57.8806,Motorcycle
650,4/28/2022,9:04:29,Cam1,58.4922,Car
651,4/28/2022,9:04:29,Cam1,55.2255,Car
652,4/28/2022,9:22:29,Cam1,49.2771,Truck
653,4/28/2022,9:22:29,Cam1,61.8872,Truck
654,4/28/2022,9:40:34,Cam1,45.0422,Car
655,4/28/2022,9:40:34,Cam1,59.2849,Car
656,4/28/2022,10:01:27,Cam1,52.919,Truck
657,4/28/2022,10:01:27,Cam1,45.4623,Truck
658,4/28/2022,10:15:51,Cam1,50.7125,Car
659,4/28/2022,10:15:51,Cam1,60.5096,Car
660,4/28/2022,10:28:49,Cam1,61.4975,Bus
661,4/28/2022,10:28:49,Cam1,58.1455,Bus
662,4/28/2022,10:42:55,Cam1,45.295,Bus
663,4/28/2022,10:42:55,Cam1,58.7786,Bus
664,4/28/2022,10:45:01,Cam1,49.7208,Car
665,4/28/2022,10:45:01,Cam1,49.2395,Car
666,4/28/2022,10:54:30,Cam1,55.2866,Motorcycle
667,4/28/2022,10:54:30,Cam1,59.4975,Motorcycle
668,4/28/2022,11:02:57,Cam1,55.7528,Truck
669,4/28/2022,11:02:57,Cam1,49.786,Truck
670,4/28/2022,11:12:23,Cam1,57.5996,Motorcycle
671,4/28/2022,11:12:23,Cam1,49.0919,Motorcycle
672,4/28/2022,11:16:02,Cam1,48.9475,Truck
673,4/28/2022,11:16:02,Cam1,58.7071,Truck
674,4/28/2022,11:25:50,Cam1,42.4122,Motorcycle
675,4/28/2022,11:25:50,Cam1,60.742,Motorcycle
676,4/28/2022,11:34:01,Cam1,42.2931,Bus
677,4/28/2022,11:34:01,Cam1,47.5304,Bus
678,4/28/2022,11:37:41,Cam1,45.8329,Motorcycle
679,4/28/2022,11:37:41,Cam1,60.0422,Motorcycle
680,4/28/2022,11:46:08,Cam1,53.1075,Car
681,4/28/2022,11:46:08,Cam1,59.4689,Car
682,4/28/2022,11:53:55,Cam1,45.2384,Car
683,4/28/2022,11:53:55,Cam1,47.1942,Car
684,4/28/2022,12:15:31,Cam1,52.9482,Truck
685,4/28/2022,12:15:31,Cam1,53.1501,Truck
686,4/28/2022,12:19:15,Cam1,48.3546,Motorcycle
687,4/28/2022,12:19:15,Cam1,54.4788,Motorcycle
688,4/28/2022,13:59:50,Cam1,56.8027,Truck
689,4/28/2022,13:59:50,Cam1,57.7766,Truck
690,4/28/2022,14:08:15,Cam1,57.016,Car
691,4/28/2022,14:08:15,Cam1,43.2344,Car
692,4/28/2022,15:27:08,Cam1,55.5627,Bus
693,4/28/2022,15:27:08,Cam1,55.4614,Bus
694,4/28/2022,17:05:46,Cam1,48.2737,Car
695,4/28/2022,17:05:46,Cam1,50.4342,Car
696,4/28/2022,17:14:15,Cam1,61.2728,Truck
697,4/28/2022,17:14:15,Cam1,61.1706,Truck
698,4/28/2022,17:22:37,Cam1,51.0072,Bus
699,4/28/2022,17:22:37,Cam1,58.2956,Bus
700,4/28/2022,18:46:43,Cam1,42.3556,Bus
701,4/28/2022,18:46:43,Cam1,50.1247,Bus
702,4/28/2022,18:56:35,Cam1,61.9628,Truck
703,4/28/2022,18:56:35,Cam1,44.6947,Truck
704,4/28/2022,20:05:33,Cam1,45.7472,Truck
705,4/28/2022,20:05:33,Cam1,42.5687,Truck
706,4/28/2022,20:41:33,Cam1,43.6325,Bus
707,4/28/2022,20:41:33,Cam1,49.3321,Bus
708,4/28/2022,23:05:33,Cam1,42.9288,Car
709,4/28/2022,23:05:33,Cam1,60.3854,Car
710,5/1/2022,3:53:33,Cam1,47.1147,Truck
711,5/1/2022,3:53:33,Cam1,48.8139,Truck
712,5/1/2022,5:05:33,Cam1,45.8643,Truck
713,5/1/2022,5:05:33,Cam1,53.6826,Truck
714,5/1/2022,17:05:33,Cam1,47.7491,Bus
715,5/1/2022,17:05:33,Cam1,52.3181,Bus
716,5/1/2022,21:53:33,Cam1,62.2296,Truck
717,5/1/2022,21:53:33,Cam1,58.0437,Truck
718,5/1/2022,22:22:21,Cam1,52.6089,Motorcycle
719,5/1/2022,22:22:21,Cam1,49.0951,Motorcycle
720,5/2/2022,3:10:21,Cam1,52.4252,Truck
721,5/2/2022,3:10:21,Cam1,58.2924,Truck
722,5/2/2022,4:22:21,Cam1,57.5406,Truck
723,5/2/2022,4:22:21,Cam1,49.2503,Truck
724,5/2/2022,5:05:33,Cam1,55.4277,Car
725,5/2/2022,5:05:33,Cam1,60.4049,Car
726,5/2/2022,17:05:33,Cam1,44.846,Motorcycle
727,5/2/2022,17:05:33,Cam1,52.1675,Motorcycle
728,5/2/2022,17:34:21,Cam1,53.9909,Car
729,5/2/2022,17:34:21,Cam1,51.033,Car
730,5/5/2022,3:10:21,Cam1,51.9408,Truck
731,5/5/2022,3:10:21,Cam1,53.7628,Truck
732,5/5/2022,7:58:21,Cam1,60.9373,Motorcycle
733,5/5/2022,7:58:21,Cam1,50.1959,Motorcycle
734,5/5/2022,10:22:21,Cam1,51.9039,Bus
735,5/5/2022,10:22:21,Cam1,60.2834,Bus
736,5/5/2022,16:22:21,Cam1,50.3911,Bus
737,5/5/2022,16:22:21,Cam1,48.5722,Bus
738,5/5/2022,23:34:21,Cam1,51.8332,Bus
739,5/5/2022,23:34:21,Cam1,49.8493,Bus
740,6/8/2022,4:22:21,Cam1,59.6489,Car
741,6/8/2022,4:22:21,Cam1,45.8186,Car
742,6/8/2022,5:34:21,Cam1,61.4018,Motorcycle
743,6/8/2022,5:34:21,Cam1,51.2216,Motorcycle
744,6/8/2022,6:17:33,Cam1,49.0574,Car
745,6/8/2022,6:17:33,Cam1,52.3749,Car
746,6/8/2022,8:41:33,Cam1,53.6211,Car
747,6/8/2022,8:41:33,Cam1,47.191,Car
748,6/8/2022,13:29:33,Cam1,49.3924,Car
749,6/8/2022,13:29:33,Cam1,51.2013,Car
750,6/15/2022,1:29:33,Cam1,45.2625,Truck
751,6/15/2022,1:29:33,Cam1,59.6977,Truck
752,6/15/2022,2:41:33,Cam1,49.9508,Truck
753,6/15/2022,2:41:33,Cam1,56.3736,Truck
754,6/15/2022,2:45:53,Cam1,46.4811,Motorcycle
755,6/15/2022,2:45:53,Cam1,56.6764,Motorcycle
756,6/15/2022,3:57:53,Cam1,57.9926,Car
757,6/15/2022,3:57:53,Cam1,47.2708,Car
758,6/15/2022,4:15:09,Cam1,43.3847,Car
759,6/15/2022,4:15:09,Cam1,50.5144,Car
760,6/15/2022,5:27:09,Cam1,55.3186,Truck
761,6/15/2022,5:27:09,Cam1,61.505,Truck
762,6/15/2022,5:35:48,Cam1,53.4768,Motorcycle
763,6/15/2022,5:35:48,Cam1,54.235,Motorcycle
764,6/15/2022,6:47:48,Cam1,53.2779,Truck
765,6/15/2022,6:47:48,Cam1,48.7655,Truck
766,6/15/2022,7:56:55,Cam1,45.1021,Truck
767,6/15/2022,7:56:55,Cam1,57.5883,Truck
768,6/15/2022,9:01:43,Cam1,44.4991,Motorcycle
769,6/15/2022,9:01:43,Cam1,46.1481,Motorcycle
770,7/1/2022,0:37:43,Cam1,59.9835,Truck
771,7/1/2022,0:37:43,Cam1,44.7218,Truck
772,7/1/2022,5:25:43,Cam1,56.4733,Truck
773,7/1/2022,5:25:43,Cam1,50.44,Truck
774,7/1/2022,11:25:43,Cam1,53.9321,Car
775,7/1/2022,11:25:43,Cam1,51.7016,Car
776,7/1/2022,17:40:07,Cam1,62.0776,Truck
777,7/1/2022,17:40:07,Cam1,55.0064,Truck
778,7/1/2022,22:45:24,Cam1,52.2649,Truck
779,7/1/2022,22:45:24,Cam1,47.8664,Truck
780,8/13/2020,2:25:43,Cam2,44.4853,Bus
781,8/14/2020,2:25:43,Cam2,49.8227,Bus
782,9/24/2020,11:18:31,Cam2,52.9413,Motorcycle
783,9/25/2020,17:18:31,Cam2,47.7149,Motorcycle
784,9/26/2020,17:18:31,Cam2,42.4456,Motorcycle
785,10/13/2020,4:06:31,Cam2,59.1951,Truck
786,10/14/2020,4:06:31,Cam2,47.366,Truck
787,10/15/2020,8:54:31,Cam2,59.2192,Car
788,10/16/2020,8:54:31,Cam2,50.8291,Car
789,10/17/2020,12:30:31,Cam2,50.6921,Car
790,11/8/2020,21:37:43,Cam2,53.846,Bus
791,11/9/2020,2:25:43,Cam2,44.5892,Car
792,12/1/2020,2:25:43,Cam2,43.6483,Car
793,12/2/2020,6:01:43,Cam2,58.7109,Motorcycle
794,12/3/2020,6:01:43,Cam2,55.8333,Motorcycle
795,12/4/2020,12:01:43,Cam2,49.4773,Motorcycle
796,12/5/2020,12:01:43,Cam2,58.1367,Motorcycle
797,1/3/2021,11:43:36,Cam2,51.9526,Truck
798,1/4/2021,6:10:51,Cam2,44.7604,Truck
799,1/5/2021,7:07:57,Cam2,60.2381,Car
800,1/6/2021,12:11:13,Cam2,54.4568,Car
801,1/7/2021,2:33:21,Cam2,48.9175,Car
802,1/8/2021,4:28:17,Cam2,48.9463,Car
803,1/16/2021,11:12:32,Cam2,56.3362,Motorcycle
804,1/17/2021,8:38:10,Cam2,61.2672,Motorcycle
805,1/18/2021,14:00:34,Cam2,52.9921,Motorcycle
806,1/19/2021,15:58:08,Cam2,48.1574,Bus
807,1/20/2021,11:20:45,Cam2,61.2809,Bus
808,1/21/2021,2:12:54,Cam2,43.3257,Bus
809,1/22/2021,13:43:37,Cam2,46.7024,Car
810,1/23/2021,4:08:27,Cam2,50.554,Motorcycle
811,1/24/2021,21:14:22,Cam2,51.3953,Car
812,1/25/2021,19:28:20,Cam2,42.8602,Car
813,2/1/2021,16:45:18,Cam2,46.5705,Car
814,2/2/2021,22:36:16,Cam2,46.9421,Bus
815,2/3/2021,1:01:43,Cam2,56.1786,Truck
816,2/4/2021,10:26:10,Cam2,57.6476,Motorcycle
817,2/5/2021,14:25:20,Cam2,61.9827,Truck
818,2/6/2021,16:14:41,Cam2,56.305,Bus
819,2/13/2021,23:26:26,Cam2,45.4898,Car
820,2/14/2021,4:40:01,Cam2,47.828,Truck
821,2/15/2021,0:49:05,Cam2,50.3544,Motorcycle
822,2/16/2021,8:04:09,Cam2,48.1169,Truck
823,2/17/2021,5:10:37,Cam2,60.5025,Truck
824,2/18/2021,17:11:21,Cam2,60.504,Car
825,2/19/2021,14:32:27,Cam2,53.2423,Bus
826,2/27/2021,2:24:12,Cam2,51.2924,Motorcycle
827,2/28/2021,22:42:21,Cam2,44.5587,Car
828,3/1/2021,0:38:52,Cam2,53.8509,Car
829,3/2/2021,21:02:40,Cam2,51.1229,Bus
830,3/3/2021,19:46:49,Cam2,55.2353,Truck
831,3/4/2021,8:13:49,Cam2,53.7356,Car
832,3/5/2021,6:59:21,Cam2,58.8668,Car
833,3/6/2021,2:23:42,Cam2,53.9752,Truck
834,3/14/2021,19:51:09,Cam2,56.6712,Car
835,3/15/2021,20:28:42,Cam2,53.3217,Truck
836,3/16/2021,22:38:47,Cam2,44.7726,Truck
837,3/17/2021,8:02:02,Cam2,55.9586,Bus
838,3/18/2021,2:23:53,Cam2,56.9987,Truck
839,3/19/2021,4:28:39,Cam2,62.0012,Car
840,3/20/2021,5:35:13,Cam2,46.726,Truck
841,3/21/2021,13:11:38,Cam2,46.5846,Truck
842,3/22/2021,10:37:17,Cam2,54.7844,Truck
843,3/29/2021,0:33:07,Cam2,47.1617,Bus
844,3/30/2021,13:19:52,Cam2,56.9982,Truck
845,4/1/2021,14:24:00,Cam2,45.1156,Car
846,4/2/2021,0:00:49,Cam2,60.2676,Truck
847,4/3/2021,1:14:11,Cam2,47.4338,Truck
848,4/4/2021,19:08:45,Cam2,54.7414,Motorcycle
849,4/5/2021,8:39:15,Cam2,48.5173,Motorcycle
850,4/6/2021,1:40:03,Cam2,54.6826,Motorcycle
851,4/12/2021,15:22:21,Cam2,46.5175,Truck
852,4/13/2021,23:12:31,Cam2,60.459,Car
853,4/14/2021,16:01:06,Cam2,50.9964,Motorcycle
854,4/22/2021,19:53:36,Cam2,42.9193,Bus
855,4/23/2021,12:03:05,Cam2,52.4763,Car
856,4/24/2021,5:41:54,Cam2,56.7024,Truck
857,4/25/2021,9:08:22,Cam2,53.2524,Motorcycle
858,4/26/2021,23:44:05,Cam2,57.6596,Motorcycle
859,4/27/2021,14:51:20,Cam2,59.8383,Motorcycle
860,4/28/2021,3:39:17,Cam2,58.9626,Motorcycle
861,4/29/2021,22:32:20,Cam2,55.0369,Truck
862,4/30/2021,0:09:22,Cam2,49.3368,Truck
863,5/1/2021,13:41:37,Cam2,57.0033,Motorcycle
864,5/2/2021,20:42:36,Cam2,44.1547,Car
865,5/3/2021,9:05:04,Cam2,60.6487,Truck
866,5/9/2021,18:52:46,Cam2,43.9843,Car
867,5/10/2021,1:27:32,Cam2,48.7088,Bus
868,5/11/2021,19:39:00,Cam2,45.8237,Motorcycle
869,5/27/2021,6:38:20,Cam2,52.3074,Car
870,5/28/2021,1:16:31,Cam2,56.2695,Motorcycle
871,5/29/2021,5:39:13,Cam2,61.1856,Bus
872,5/30/2021,2:56:46,Cam2,46.5904,Motorcycle
873,5/31/2021,17:01:22,Cam2,51.8409,Car
874,6/1/2021,4:29:48,Cam2,57.9107,Car
875,6/2/2021,6:53:08,Cam2,45.7091,Car
876,6/3/2021,6:33:48,Cam2,58.3405,Bus
877,6/4/2021,0:23:11,Cam2,46.2216,Motorcycle
878,6/5/2021,12:27:50,Cam2,61.9372,Bus
879,6/18/2021,0:41:17,Cam2,45.6103,Car
880,6/19/2021,4:37:43,Cam2,46.3254,Truck
881,6/20/2021,21:04:17,Cam2,54.8992,Motorcycle
882,6/21/2021,18:44:34,Cam2,44.3723,Motorcycle
883,6/22/2021,0:46:19,Cam2,59.845,Truck
884,6/23/2021,7:31:04,Cam2,61.062,Motorcycle
885,6/24/2021,12:46:02,Cam2,57.8517,Motorcycle
886,6/25/2021,5:09:40,Cam2,56.5437,Truck
887,6/26/2021,22:57:54,Cam2,49.5913,Car
888,6/27/2021,0:54:05,Cam2,60.6527,Motorcycle
889,7/8/2021,17:01:08,Cam2,59.7674,Car
890,7/9/2021,21:07:42,Cam2,52.7409,Truck
891,7/9/2021,3:52:29,Cam2,60.2145,Car
892,7/9/2021,21:47:41,Cam2,45.7125,Truck
893,11/3/2021,23:24:37,Cam2,60.4007,Car
894,11/3/2021,18:38:50,Cam2,54.3887,Car
895,11/3/2021,8:11:39,Cam2,61.9839,Car
896,12/7/2021,18:06:38,Cam2,54.8531,Bus
897,12/7/2021,7:33:02,Cam2,60.7313,Bus
898,4/21/2022,11:35:07,Cam2,43.94360022,Truck
899,4/21/2022,22:02:17,Cam2,43.94360022,Truck
900,4/21/2022,22:09:11,Cam2,43.94360022,Truck
901,4/21/2022,22:58:24,Cam2,43.94360022,Truck
902,4/21/2022,0:00:37,Cam2,43.94360022,Truck
903,4/21/2022,6:23:45,Cam2,43.94360022,Truck
904,4/21/2022,8:07:04,Cam2,50.4566,Car
905,4/21/2022,2:12:44,Cam2,50.4566,Car
906,4/21/2022,17:23:48,Cam2,42.2568,Motorcycle
907,4/21/2022,17:23:48,Cam2,42.2568,Motorcycle
908,4/21/2022,13:16:50,Cam2,48.5157,Motorcycle
909,4/21/2022,1:19:51,Cam2,56.6712,Motorcycle
910,4/21/2022,16:23:40,Cam2,49.3285,Motorcycle
911,4/21/2022,18:16:37,Cam2,48.9164,Motorcycle
912,4/21/2022,23:18:42,Cam2,47.0756,Car
913,4/21/2022,18:55:07,Cam2,60.026,Car
914,4/21/2022,20:43:37,Cam2,45.9304,Truck
915,4/21/2022,9:09:19,Cam2,54.3841,Truck
916,4/21/2022,17:04:22,Cam2,51.6437,Car
917,4/21/2022,2:56:27,Cam2,51.9777,Car
918,4/22/2022,3:21:02,Cam2,58.7006,Bus
919,4/22/2022,20:44:32,Cam2,49.3494,Bus
920,4/22/2022,23:50:40,Cam2,52.0121,Truck
921,4/22/2022,19:17:57,Cam2,55.031,Truck
922,4/22/2022,10:53:10,Cam2,42.435,Bus
923,4/22/2022,22:33:38,Cam2,43.3511,Bus
924,4/22/2022,15:41:17,Cam2,56.5481,Motorcycle
925,4/22/2022,17:01:39,Cam2,46.6863,Motorcycle
926,4/22/2022,13:18:10,Cam2,59.5546,Motorcycle
927,4/22/2022,8:33:35,Cam2,48.8971,Motorcycle
928,4/22/2022,7:40:15,Cam2,47.9377,Motorcycle
929,4/22/2022,23:58:55,Cam2,46.4388,Motorcycle
930,4/22/2022,11:39:45,Cam2,54.7587,Bus
931,4/22/2022,16:17:52,Cam2,51.2246,Bus
932,4/22/2022,6:54:06,Cam2,56.7602,Truck
933,4/22/2022,18:31:51,Cam2,43.0425,Truck
934,4/22/2022,19:34:05,Cam2,52.0868,Truck
935,4/22/2022,2:21:52,Cam2,44.8424,Truck
936,4/22/2022,20:37:19,Cam2,54.0057,Motorcycle
937,4/22/2022,7:42:42,Cam2,61.3547,Motorcycle
938,4/22/2022,22:11:18,Cam2,54.1942,Truck
939,4/23/2022,16:41:21,Cam2,50.183,Truck
940,4/23/2022,10:27:08,Cam2,54.9738,Motorcycle
941,4/23/2022,11:52:43,Cam2,43.8698,Motorcycle
942,4/23/2022,23:31:50,Cam2,56.0797,Bus
943,4/24/2022,14:51:51,Cam2,46.9176,Bus
944,4/24/2022,11:52:36,Cam2,44.6736,Motorcycle
945,4/24/2022,19:10:58,Cam2,55.8181,Motorcycle
946,4/24/2022,13:15:06,Cam2,61.216,Bus
947,4/24/2022,19:53:34,Cam2,59.7412,Bus
948,4/24/2022,8:31:59,Cam2,48.9286,Bus
949,4/24/2022,7:03:42,Cam2,52.5705,Bus
950,4/24/2022,22:58:22,Cam2,58.5212,Truck
951,4/24/2022,16:49:06,Cam2,57.8211,Truck
952,4/24/2022,5:47:39,Cam2,46.288,Truck
953,4/24/2022,15:19:06,Cam2,49.2708,Truck
954,4/24/2022,21:12:41,Cam2,45.1033,Truck
955,4/24/2022,14:19:37,Cam2,53.3726,Truck
956,4/25/2022,21:57:00,Cam2,53.5354,Motorcycle
957,4/25/2022,23:21:09,Cam2,45.7268,Motorcycle
958,4/25/2022,19:19:57,Cam2,61.7463,Bus
959,4/25/2022,19:47:26,Cam2,48.3781,Bus
960,4/27/2022,14:59:06,Cam2,44.1841,Car
961,4/27/2022,16:51:44,Cam2,50.9319,Car
962,4/27/2022,3:28:50,Cam2,43.5797,Car
963,4/27/2022,3:03:26,Cam2,55.9247,Car
964,4/27/2022,9:20:39,Cam2,45.9384,Car
965,4/27/2022,5:35:20,Cam2,43.0896,Car
966,4/27/2022,18:09:56,Cam2,60.9885,Bus
967,4/27/2022,22:20:19,Cam2,49.9124,Bus
968,4/27/2022,22:54:52,Cam2,51.2043,Bus
969,4/27/2022,22:54:52,Cam2,57.2853,Bus
970,4/28/2022,1:18:52,Cam2,62.1391,Bus
971,4/28/2022,1:18:52,Cam2,54.0028,Bus
972,4/28/2022,2:30:52,Cam2,53.0788,Truck
973,4/28/2022,2:30:52,Cam2,54.2258,Truck
974,4/28/2022,2:34:28,Cam2,53.537,Motorcycle
975,4/28/2022,2:34:28,Cam2,52.7972,Motorcycle
976,4/28/2022,2:40:57,Cam2,60.2646,Car
977,4/28/2022,2:40:57,Cam2,48.594,Car
978,4/28/2022,2:50:26,Cam2,50.1293,Motorcycle
979,4/28/2022,2:50:26,Cam2,49.2569,Motorcycle
980,4/28/2022,2:59:04,Cam2,60.1817,Truck
981,4/28/2022,2:59:04,Cam2,53.2428,Truck
982,4/28/2022,3:06:51,Cam2,42.6279,Bus
983,4/28/2022,3:06:51,Cam2,54.1089,Bus
984,4/28/2022,3:14:55,Cam2,59.9632,Motorcycle
985,4/28/2022,3:14:55,Cam2,58.6413,Motorcycle
986,4/28/2022,3:22:41,Cam2,51.2538,Motorcycle
987,4/28/2022,3:22:41,Cam2,54.2554,Motorcycle
988,4/28/2022,3:35:30,Cam2,57.2191,Car
989,4/28/2022,3:35:30,Cam2,53.9748,Car
990,4/28/2022,3:37:35,Cam2,61.11,Car
991,4/28/2022,3:37:35,Cam2,43.4892,Car
992,4/28/2022,3:45:39,Cam2,45.1017,Truck
993,4/28/2022,3:45:39,Cam2,50.2863,Truck
994,4/28/2022,3:52:11,Cam2,61.7244,Truck
995,4/28/2022,3:52:11,Cam2,44.8393,Truck
996,4/28/2022,4:29:20,Cam2,50.6315,Truck
997,4/28/2022,4:29:20,Cam2,53.7421,Truck
998,4/28/2022,5:06:12,Cam2,44.6386,Car
999,4/28/2022,5:06:12,Cam2,45.8927,Car
1000,4/28/2022,5:14:22,Cam2,55.587,Truck
1001,4/28/2022,5:14:22,Cam2,54.1264,Truck
1002,4/28/2022,5:18:14,Cam2,49.4977,Car
1003,4/28/2022,5:18:14,Cam2,61.6713,Car
1004,4/28/2022,5:25:16,Cam2,53.8202,Bus
1005,4/28/2022,5:25:16,Cam2,58.3127,Bus
1006,4/28/2022,8:27:37,Cam2,60.4632,Motorcycle
1007,4/28/2022,8:27:37,Cam2,52.5837,Motorcycle
1008,4/28/2022,9:04:29,Cam2,43.3476,Car
1009,4/28/2022,9:04:29,Cam2,57.8681,Car
1010,4/28/2022,9:22:29,Cam2,44.1009,Truck
1011,4/28/2022,9:22:29,Cam2,42.6738,Truck
1012,4/28/2022,9:40:34,Cam2,42.7254,Car
1013,4/28/2022,9:40:34,Cam2,57.533,Car
1014,4/28/2022,10:01:27,Cam2,46.9013,Truck
1015,4/28/2022,10:01:27,Cam2,49.2369,Truck
1016,4/28/2022,10:15:51,Cam2,42.7668,Car
1017,4/28/2022,10:15:51,Cam2,59.1933,Car
1018,4/28/2022,10:28:49,Cam2,43.9006,Bus
1019,4/28/2022,10:28:49,Cam2,57.2589,Bus
1020,4/28/2022,10:42:55,Cam2,52.0926,Bus
1021,5/5/2022,16:22:21,Cam2,61.2304,Bus
1022,5/5/2022,23:34:21,Cam2,58.2377,Bus
1023,5/5/2022,23:34:21,Cam2,56.3765,Bus
1024,6/8/2022,4:22:21,Cam2,48.3116,Car
1025,6/8/2022,4:22:21,Cam2,60.1307,Car
1026,6/8/2022,5:34:21,Cam2,46.3954,Motorcycle
1027,6/8/2022,5:34:21,Cam2,62.2009,Motorcycle
1028,6/8/2022,6:17:33,Cam2,61.831,Car
1029,6/8/2022,6:17:33,Cam2,47.5332,Car
1030,6/8/2022,8:41:33,Cam2,49.8208,Car
1031,6/8/2022,8:41:33,Cam2,46.3617,Car
1032,6/8/2022,13:29:33,Cam2,52.4285,Car
1033,6/8/2022,13:29:33,Cam2,57.8613,Car
1034,6/15/2022,1:29:33,Cam2,58.1633,Truck
1035,6/15/2022,1:29:33,Cam2,50.1132,Truck
1036,6/15/2022,2:41:33,Cam2,53.6253,Truck
1037,6/15/2022,2:41:33,Cam2,44.9182,Truck
1038,6/15/2022,2:45:53,Cam2,45.0751,Motorcycle
1039,6/15/2022,2:45:53,Cam2,57.0672,Motorcycle
1040,6/15/2022,3:57:53,Cam2,58.9906,Car
1041,6/15/2022,3:57:53,Cam2,47.065,Car
1042,6/15/2022,4:15:09,Cam2,52.2988,Car
1043,6/15/2022,4:15:09,Cam2,47.4152,Car
1044,6/15/2022,5:27:09,Cam2,58.1882,Truck
1045,6/15/2022,5:27:09,Cam2,47.6649,Truck
1046,6/15/2022,5:35:48,Cam2,57.0049,Motorcycle
1047,6/15/2022,5:35:48,Cam2,56.593,Motorcycle
1048,6/15/2022,6:47:48,Cam2,59.8893,Truck
1049,6/15/2022,6:47:48,Cam2,50.6241,Truck
1050,6/15/2022,7:56:55,Cam2,44.2874,Truck
1051,6/15/2022,7:56:55,Cam2,50.8223,Truck
1052,6/15/2022,9:01:43,Cam2,51.1336,Motorcycle
1053,6/15/2022,9:01:43,Cam2,43.8459,Motorcycle
1054,7/1/2022,0:37:43,Cam2,59.9512,Truck
1055,7/1/2022,0:37:43,Cam2,57.4494,Truck
1056,7/1/2022,5:25:43,Cam2,60.4791,Truck
1057,7/1/2022,5:25:43,Cam2,58.1937,Truck
1058,7/1/2022,11:25:43,Cam2,56.0756,Car
1059,7/1/2022,11:25:43,Cam2,43.2246,Car
1060,7/1/2022,17:40:07,Cam2,54.8119,Truck
1061,7/1/2022,17:40:07,Cam2,48.8342,Truck
1062,7/1/2022,22:45:24,Cam2,50.5265,Truck
1063,7/1/2022,22:45:24,Cam2,56.4252,Truck
